link,type,update_cache
"https://secure.holistics.io/dashboards/v3/71280",dashboard,TRUE
"https://secure.holistics.io/dashboards/v3/90758",dashboard,TRUE
"https://secure.holistics.io/dashboards/v3/89248",dashboard,TRUE
"https://secure.holistics.io/dashboards/v3/56771",dashboard,TRUE
"https://secure.holistics.io/dashboards/v3/84185",dashboard,TRUE
"https://secure.holistics.io/dashboards/v3/16602",dashboard,TRUE
"https://secure.holistics.io/dashboards/v3/66503",dashboard,TRUE
"https://secure.holistics.io/dashboards/v3/75989",dashboard,TRUE
"https://secure.holistics.io/dashboards/v3/89387",dashboard,TRUE
"https://secure.holistics.io/dashboards/v3/87502",dashboard,TRUE
"https://secure.holistics.io/dashboards/v3/82690",dashboard,TRUE
"https://secure.holistics.io/dashboards/v3/84425",dashboard,TRUE
"https://secure.holistics.io/dashboards/v3/35644",dashboard,TRUE
"https://secure.holistics.io/dashboards/v3/71745",dashboard,TRUE
"https://secure.holistics.io/dashboards/v3/71624",dashboard,TRUE
"https://secure.holistics.io/dashboards/v3/83122",dashboard,TRUE
"https://secure.holistics.io/dashboards/v3/61794",dashboard,TRUE
"https://secure.holistics.io/dashboards/v3/93309",dashboard,TRUE
"https://secure.holistics.io/dashboards/v3/77030",dashboard,TRUE
"https://secure.holistics.io/dashboards/v3/91715",dashboard,TRUE
"https://secure.holistics.io/dashboards/v3/70149",dashboard,TRUE
"https://secure.holistics.io/dashboards/v3/65495",dashboard,TRUE
"https://secure.holistics.io/dashboards/v3/17297",dashboard,TRUE
"https://secure.holistics.io/dashboards/v3/63886",dashboard,TRUE
"https://secure.holistics.io/dashboards/v3/63984",dashboard,TRUE
"https://secure.holistics.io/dashboards/v3/76520",dashboard,TRUE
"https://secure.holistics.io/dashboards/v3/64762",dashboard,TRUE